User_id,Mode,Post_time,Content,Images,Videos,Comment,Like,Share
0,C√¥ng khai,testdayyyyyyyyyyyyyyyyyyy,"Absolute Cinema
ƒê√¢y ƒë√∫ng th·ª±c s·ª± l√† ƒë·ªânh cao ƒëi·ªán ·∫£nh cmnr
C·∫£m x√∫c c·ªßa ng∆∞·ªùi xem ph√¢n ƒëo·∫°n n√†y ch·∫Øc ch·∫Øn gi·ªëng h·ªát nh∆∞ c·∫£m x√∫c c·ªßa Darkness. Th·∫≠t kh√¥ng ng·ªù khi c√≥ ng√†y ch√∫ng ta ƒë∆∞·ª£c ch·ª©ng ki·∫øn m·ªôt ph√¢n c·∫£nh trong Konosuba v·ªõi m·ªôt t√¥ng m√†u l·∫°nh nh∆∞ th·∫ø...
Hi·ªáu ·ª©ng Slowmotion c√πng v·ªõi b·∫£n nh·∫°c OST v√† nh·ªØng gi√¢y ph√∫t tho√°ng nh√≤e ƒëi, th·ª±c s·ª± ƒë·∫πp nh∆∞ m·ªôt Wedding Album, nh∆∞ng ch·ªâ kh√°c r·∫±ng ƒë√¢y kh√¥ng ph·∫£i l·ªÖ c∆∞·ªõi, m√† l√† m·ªôt phi v·ª• c∆∞·ªõp d√¢u!!!
Absolute Cinema
ƒê√¢y ƒë√∫ng th·ª±c s·ª± l√† ƒë·ªânh cao ƒëi·ªán ·∫£nh cmnr
C·∫£m x√∫c c·ªßa ng∆∞·ªùi xem ph√¢n ƒëo·∫°n n√†y ch·∫Øc ch·∫Øn gi·ªëng h·ªát nh∆∞ c·∫£m x√∫c c·ªßa Darkness. Th·∫≠t kh√¥ng ng·ªù khi c√≥ ng√†y ch√∫ng ta ƒë∆∞·ª£c ch·ª©ng ki·∫øn m·ªôt ph√¢n c·∫£nh trong Konosuba v·ªõi m·ªôt t√¥ng m√†u l·∫°nh nh∆∞ th·∫ø...
Hi·ªáu ·ª©ng Slowmotion c√πng v·ªõi b·∫£n nh·∫°c OST v√† nh·ªØng gi√¢y ph√∫t tho√°ng nh√≤e ƒëi, th·ª±c s·ª± ƒë·∫πp nh∆∞ m·ªôt Wedding Album, nh∆∞ng ch·ªâ kh√°c r·∫±ng ƒë√¢y kh√¥ng ph·∫£i l·ªÖ c∆∞·ªõi, m√† l√† m·ªôt phi v·ª• c∆∞·ªõp d√¢u!!!",../../Data/Images/chems good guy.jpg;../../Data/Images/Fantasy tavern.png;../../Data/Images/shoko.jpg,../../Data/Images/Longstick.mp4;../../Data/Images/Longstick.mp4,../../Data/Post_cmt/Cmt_0.csv,../../Data/Post_like/Like_0.txt,
1,B·∫°n b√®,testday,"Absolute Cinema
ƒê√¢y ƒë√∫ng th·ª±c s·ª± l√† ƒë·ªânh cao ƒëi·ªán ·∫£nh cmnr
C·∫£m x√∫c c·ªßa ng∆∞·ªùi xem ph√¢n ƒëo·∫°n n√†y ch·∫Øc ch·∫Øn gi·ªëng h·ªát nh∆∞ c·∫£m x√∫c c·ªßa Darkness. Th·∫≠t kh√¥ng ng·ªù khi c√≥ ng√†y ch√∫ng ta ƒë∆∞·ª£c ch·ª©ng ki·∫øn m·ªôt ph√¢n c·∫£nh trong Konosuba v·ªõi m·ªôt t√¥ng m√†u l·∫°nh nh∆∞ th·∫ø...
Hi·ªáu ·ª©ng Slowmotion c√πng v·ªõi b·∫£n nh·∫°c OST v√† nh·ªØng gi√¢y ph√∫t tho√°ng nh√≤e ƒëi, th·ª±c s·ª± ƒë·∫πp nh∆∞ m·ªôt Wedding Album, nh∆∞ng ch·ªâ kh√°c r·∫±ng ƒë√¢y kh√¥ng ph·∫£i l·ªÖ c∆∞·ªõi, m√† l√† m·ªôt phi v·ª• c∆∞·ªõp d√¢u!!!
Absolute Cinema
ƒê√¢y ƒë√∫ng th·ª±c s·ª± l√† ƒë·ªânh cao ƒëi·ªán ·∫£nh cmnr
C·∫£m x√∫c c·ªßa ng∆∞·ªùi xem ph√¢n ƒëo·∫°n n√†y ch·∫Øc ch·∫Øn gi·ªëng h·ªát nh∆∞ c·∫£m x√∫c c·ªßa Darkness. Th·∫≠t kh√¥ng ng·ªù khi c√≥ ng√†y ch√∫ng ta ƒë∆∞·ª£c ch·ª©ng ki·∫øn m·ªôt ph√¢n c·∫£nh trong Konosuba v·ªõi m·ªôt t√¥ng m√†u l·∫°nh nh∆∞ th·∫ø...
Hi·ªáu ·ª©ng Slowmotion c√πng v·ªõi b·∫£n nh·∫°c OST v√† nh·ªØng gi√¢y ph√∫t tho√°ng nh√≤e ƒëi, th·ª±c s·ª± ƒë·∫πp nh∆∞ m·ªôt Wedding Album, nh∆∞ng ch·ªâ kh√°c r·∫±ng ƒë√¢y kh√¥ng ph·∫£i l·ªÖ c∆∞·ªõi, m√† l√† m·ªôt phi v·ª• c∆∞·ªõp d√¢u!!!
12345678
yeyeyeye
nothing
C√≥ th·ªÉ c√≥ m·ªôt v√†i l√Ω do khi·∫øn b·∫°n g·∫∑p ph·∫£i v·∫•n ƒë·ªÅ khi d√≤ng vƒÉn b·∫£n b·ªã m·∫•t ·ªü RichTextBox. M·ªôt l√Ω do ph·ªï bi·∫øn l√† do c√°ch b·∫°n t√≠nh to√°n chi·ªÅu cao c·ªßa RichTextBox ch∆∞a bao g·ªìm ƒë·∫ßy ƒë·ªß c√°c y·∫øu t·ªë nh∆∞ padding v√† border c·ªßa RichTextBox. Chi·ªÅu cao b·∫°n t√≠nh to√°n c√≥ th·ªÉ kh√¥ng bao g·ªìm kh√¥ng gian b·ªï sung m√† RichTextBox c·∫ßn ƒë·ªÉ hi·ªÉn th·ªã to√†n b·ªô vƒÉn b·∫£n m·ªôt c√°ch ch√≠n.",../../Data/Images/shoko.jpg,../../Data/Images/Longstick.mp4,../../Data/Post_cmt/Cmt_1.csv,../../Data/Post_like/Like_1.txt,
2,Ch·ªâ m√¨nh t√¥i,testday,,../../Data/Images/shoko.jpg,,../../Data/Post_cmt/Cmt_2.csv,../../Data/Post_like/Like_2.txt,
3,C√¥ng khai,testday,oneline,../../Data/Images/shoko.jpg,,../../Data/Post_cmt/Cmt_3.csv,../../Data/Post_like/Like_3.txt,
0,C√¥ng khai,6/15/2024 18:18,I want to fly!!! üëè,../../Data/Images/7ae27729-37fa-4105-bd1d-cb779280d781.jpg;../../Data/Images/09d2efbc-ad8c-454b-a136-884c8d88f40c.jpg,,../../Data/Post_cmt/Cmt_4.csv,../../Data/Post_like/Like_4.txt,
0,B·∫°n b√®,6/15/2024 18:23,2 chai n∆∞·ªõc m·∫Øm üòÉ,../../Data/Images/542976fa-4600-457b-b468-b178b0babb67.jpg;../../Data/Images/99794745d5b0d82459e1fcf810685bc7.jpg;../../Data/Images/438241771_1461193291270589_7418769774538554899_n.jpg;../../Data/Images/a98f4b03-67cb-4fda-9c02-76256dedcdf2.jpg,,../../Data/Post_cmt/Cmt_5.csv,../../Data/Post_like/Like_5.txt,
0,C√¥ng khai,6/15/2024 18:27,some shiet post üò¢,../../Data/Images/2ae70617-aef5-4cbf-b62f-dcdf975fb9e7.jpg,,../../Data/Post_cmt/Cmt_6.csv,../../Data/Post_like/Like_6.txt,
0,C√¥ng khai,6/15/2024 18:32,I can do this all day,,,../../Data/Post_cmt/Cmt_7.csv,../../Data/Post_like/Like_7.txt,
0,B·∫°n b√®,6/16/2024 14:49,Coffee chill üòÉ,../../Data/Images/00-featured-tom-reading-newspaper-meme-template-preview.jpg,,../../Data/Post_cmt/Cmt_8.csv,../../Data/Post_like/Like_8.txt,
0,C√¥ng khai,6/17/2024 6:54:10 PM,,,../../Data/Images/Longstick.mp4,../../Data/Post_cmt/Cmt_9.csv,../../Data/Post_like/Like_9.txt,
0,C√¥ng khai,6/17/2024 7:13:38 PM,oneline,../../Data/Images/shoko.jpg,,../../Data/Post_cmt/Cmt_10.csv,../../Data/Post_like/Like_10.txt,3
2,C√¥ng khai,6/18/2024 4:24:07 PM,I'm kien,,,../../Data/Post_cmt/Cmt_11.csv,../../Data/Post_like/Like_11.txt,
0,C√¥ng khai,6/18/2024 4:43:03 PM,I'm kien,,,../../Data/Post_cmt/Cmt_12.csv,../../Data/Post_like/Like_12.txt,2
